,UF,CARGO,COR,propor14,propor18,Variaçao 14-18
0,AC,DEPUTADO ESTADUAL,BRANCA,0.1641509433962264,0.19829424307036247,0.20799941180795536
1,AC,DEPUTADO ESTADUAL,PRETA,0.09056603773584905,0.057569296375266525,-0.3643390191897654
2,AC,DEPUTADO ESTADUAL,PARDA,0.7339622641509433,0.7356076759061834,0.0022418206433861493
3,AC,DEPUTADO ESTADUAL,AMARELA,0.009433962264150943,0.0021321961620469083,-0.7739872068230277
4,AC,DEPUTADO ESTADUAL,INDÍGENA,0.0018867924528301887,0.006396588486140725,2.390191897654584
5,AC,DEPUTADO FEDERAL,BRANCA,0.3076923076923077,0.2619047619047619,-0.1488095238095238
6,AC,DEPUTADO FEDERAL,PRETA,0.06153846153846154,0.07142857142857142,0.1607142857142856
7,AC,DEPUTADO FEDERAL,PARDA,0.6,0.6428571428571429,0.07142857142857155
8,AC,DEPUTADO FEDERAL,AMARELA,0.015384615384615385,0.0,-1.0
9,AC,DEPUTADO FEDERAL,INDÍGENA,0.015384615384615385,0.023809523809523808,0.5476190476190474
10,AC,SENADOR,BRANCA,0.25,0.6666666666666666,1.6666666666666665
11,AC,SENADOR,PRETA,0.0,0.0,
12,AC,SENADOR,PARDA,0.5,0.16666666666666666,-0.6666666666666667
13,AC,SENADOR,AMARELA,0.0,0.16666666666666666,inf
14,AC,SENADOR,INDÍGENA,0.25,0.0,-1.0
15,AL,DEPUTADO ESTADUAL,BRANCA,0.33876221498371334,0.35843373493975905,0.058068813716404176
16,AL,DEPUTADO ESTADUAL,PRETA,0.06188925081433225,0.09337349397590361,0.508719086873811
17,AL,DEPUTADO ESTADUAL,PARDA,0.5960912052117264,0.5421686746987951,-0.09046020146158416
18,AL,DEPUTADO ESTADUAL,AMARELA,0.0,0.0,
19,AL,DEPUTADO ESTADUAL,INDÍGENA,0.003257328990228013,0.006024096385542169,0.8493975903614458
20,AL,DEPUTADO FEDERAL,BRANCA,0.4672131147540984,0.6219512195121951,0.331193838254172
21,AL,DEPUTADO FEDERAL,PRETA,0.040983606557377046,0.08536585365853659,1.082926829268293
22,AL,DEPUTADO FEDERAL,PARDA,0.48360655737704916,0.2804878048780488,-0.4200082678792889
23,AL,DEPUTADO FEDERAL,AMARELA,0.00819672131147541,0.0,-1.0
24,AL,DEPUTADO FEDERAL,INDÍGENA,0.0,0.012195121951219513,inf
25,AL,SENADOR,BRANCA,0.75,0.5555555555555556,-0.25925925925925924
26,AL,SENADOR,PRETA,0.0,0.0,
27,AL,SENADOR,PARDA,0.25,0.4444444444444444,0.7777777777777777
28,AL,SENADOR,AMARELA,0.0,0.0,
29,AL,SENADOR,INDÍGENA,0.0,0.0,
30,AP,DEPUTADO ESTADUAL,BRANCA,0.34203655352480417,0.2515212981744422,-0.2646362045739591
31,AP,DEPUTADO ESTADUAL,PRETA,0.11488250652741515,0.13995943204868155,0.21828323806011438
32,AP,DEPUTADO ESTADUAL,PARDA,0.5300261096605744,0.6024340770791075,0.13661207645959686
33,AP,DEPUTADO ESTADUAL,AMARELA,0.005221932114882507,0.004056795131845842,-0.22312373225152132
34,AP,DEPUTADO ESTADUAL,INDÍGENA,0.007832898172323759,0.002028397565922921,-0.7410412440838404
35,AP,DEPUTADO FEDERAL,BRANCA,0.3217391304347826,0.226890756302521,-0.29479900068135356
36,AP,DEPUTADO FEDERAL,PRETA,0.10434782608695652,0.24369747899159663,1.335434173669468
37,AP,DEPUTADO FEDERAL,PARDA,0.5652173913043478,0.5126050420168067,-0.09308338720103428
38,AP,DEPUTADO FEDERAL,AMARELA,0.008695652173913044,0.008403361344537815,-0.033613445378151315
39,AP,DEPUTADO FEDERAL,INDÍGENA,0.0,0.008403361344537815,inf
40,AP,SENADOR,BRANCA,0.4,0.5833333333333334,0.45833333333333337
41,AP,SENADOR,PRETA,0.2,0.08333333333333333,-0.5833333333333334
42,AP,SENADOR,PARDA,0.4,0.3333333333333333,-0.16666666666666677
43,AP,SENADOR,AMARELA,0.0,0.0,
44,AP,SENADOR,INDÍGENA,0.0,0.0,
45,AM,DEPUTADO ESTADUAL,BRANCA,0.2857142857142857,0.2732824427480916,-0.043511450381679334
46,AM,DEPUTADO ESTADUAL,PRETA,0.061224489795918366,0.07633587786259542,0.24681933842239193
47,AM,DEPUTADO ESTADUAL,PARDA,0.6420722135007849,0.6259541984732825,-0.025103118759215278
48,AM,DEPUTADO ESTADUAL,AMARELA,0.0,0.004580152671755725,inf
49,AM,DEPUTADO ESTADUAL,INDÍGENA,0.01098901098901099,0.01984732824427481,0.8061068702290075
50,AM,DEPUTADO FEDERAL,BRANCA,0.3373493975903614,0.3092105263157895,-0.08341165413533823
51,AM,DEPUTADO FEDERAL,PRETA,0.03614457831325301,0.09868421052631579,1.7302631578947367
52,AM,DEPUTADO FEDERAL,PARDA,0.6144578313253012,0.5592105263157895,-0.08991228070175433
53,AM,DEPUTADO FEDERAL,AMARELA,0.0,0.006578947368421052,inf
54,AM,DEPUTADO FEDERAL,INDÍGENA,0.012048192771084338,0.02631578947368421,1.1842105263157892
55,AM,SENADOR,BRANCA,0.6666666666666666,0.6666666666666666,0.0
56,AM,SENADOR,PRETA,0.0,0.1111111111111111,inf
57,AM,SENADOR,PARDA,0.3333333333333333,0.2222222222222222,-0.3333333333333333
58,AM,SENADOR,AMARELA,0.0,0.0,
59,AM,SENADOR,INDÍGENA,0.0,0.0,
60,BA,DEPUTADO ESTADUAL,BRANCA,0.2648809523809524,0.23244929797191888,-0.12243860540938492
61,BA,DEPUTADO ESTADUAL,PRETA,0.20238095238095238,0.24804992199687986,0.2256584381022299
62,BA,DEPUTADO ESTADUAL,PARDA,0.5267857142857143,0.5070202808112324,-0.03752082286681309
63,BA,DEPUTADO ESTADUAL,AMARELA,0.001488095238095238,0.0062402496099844,3.193447737909517
64,BA,DEPUTADO ESTADUAL,INDÍGENA,0.004464285714285714,0.0062402496099844,0.39781591263650556
65,BA,DEPUTADO FEDERAL,BRANCA,0.3359173126614987,0.2745490981963928,-0.18268845383073842
66,BA,DEPUTADO FEDERAL,PRETA,0.17054263565891473,0.20440881763527055,0.19857897613408643
67,BA,DEPUTADO FEDERAL,PARDA,0.4754521963824289,0.5150300601202404,0.08324257210072315
68,BA,DEPUTADO FEDERAL,AMARELA,0.00516795865633075,0.0,-1.0
69,BA,DEPUTADO FEDERAL,INDÍGENA,0.012919896640826873,0.006012024048096192,-0.5346693386773547
70,BA,SENADOR,BRANCA,0.5714285714285714,0.5454545454545454,-0.04545454545454547
71,BA,SENADOR,PRETA,0.2857142857142857,0.18181818181818182,-0.3636363636363636
72,BA,SENADOR,PARDA,0.14285714285714285,0.2727272727272727,0.9090909090909091
73,BA,SENADOR,AMARELA,0.0,0.0,
74,BA,SENADOR,INDÍGENA,0.0,0.0,
75,CE,DEPUTADO ESTADUAL,BRANCA,0.4945054945054945,0.3949579831932773,-0.20130718954248372
76,CE,DEPUTADO ESTADUAL,PRETA,0.05023547880690738,0.06890756302521009,0.37169117647058825
77,CE,DEPUTADO ESTADUAL,PARDA,0.4474097331240188,0.519327731092437,0.16074303405572768
78,CE,DEPUTADO ESTADUAL,AMARELA,0.004709576138147566,0.0033613445378151263,-0.2862745098039215
79,CE,DEPUTADO ESTADUAL,INDÍGENA,0.0031397174254317113,0.013445378151260505,3.282352941176471
80,CE,DEPUTADO FEDERAL,BRANCA,0.47465437788018433,0.4198473282442748,-0.11546727933002301
81,CE,DEPUTADO FEDERAL,PRETA,0.06451612903225806,0.061068702290076333,-0.05343511450381681
82,CE,DEPUTADO FEDERAL,PARDA,0.45622119815668205,0.5038167938931297,0.10432569974554691
83,CE,DEPUTADO FEDERAL,AMARELA,0.0,0.011450381679389313,inf
84,CE,DEPUTADO FEDERAL,INDÍGENA,0.004608294930875576,0.003816793893129771,-0.17175572519083973
85,CE,SENADOR,BRANCA,0.5,0.6923076923076923,0.3846153846153846
86,CE,SENADOR,PRETA,0.25,0.07692307692307693,-0.6923076923076923
87,CE,SENADOR,PARDA,0.25,0.23076923076923078,-0.07692307692307687
88,CE,SENADOR,AMARELA,0.0,0.0,
89,CE,SENADOR,INDÍGENA,0.0,0.0,
90,DF,DEPUTADO DISTRITAL,BRANCA,0.5009746588693957,0.41007194244604317,-0.18145172577890997
91,DF,DEPUTADO DISTRITAL,PRETA,0.10136452241715399,0.11202466598150052,0.10516641631749553
92,DF,DEPUTADO DISTRITAL,PARDA,0.39571150097465885,0.47173689619732784,0.19212328940506992
93,DF,DEPUTADO DISTRITAL,AMARELA,0.0,0.0051387461459403904,inf
94,DF,DEPUTADO DISTRITAL,INDÍGENA,0.001949317738791423,0.0010277492291880781,-0.4727646454265159
95,DF,DEPUTADO FEDERAL,BRANCA,0.5895522388059702,0.4734042553191489,-0.19701050363587402
96,DF,DEPUTADO FEDERAL,PRETA,0.08208955223880597,0.06382978723404255,-0.22243713733075443
97,DF,DEPUTADO FEDERAL,PARDA,0.3208955223880597,0.44148936170212766,0.37580405739732814
98,DF,DEPUTADO FEDERAL,AMARELA,0.007462686567164179,0.005319148936170213,-0.2872340425531915
99,DF,DEPUTADO FEDERAL,INDÍGENA,0.0,0.015957446808510637,inf
100,DF,SENADOR,BRANCA,0.875,0.6,-0.31428571428571433
101,DF,SENADOR,PRETA,0.125,0.05,-0.6
102,DF,SENADOR,PARDA,0.0,0.35,inf
103,DF,SENADOR,AMARELA,0.0,0.0,
104,DF,SENADOR,INDÍGENA,0.0,0.0,
105,ES,DEPUTADO ESTADUAL,BRANCA,0.5341506129597198,0.44680851063829785,-0.16351587024764563
106,ES,DEPUTADO ESTADUAL,PRETA,0.1138353765323993,0.09656301145662848,-0.1517310839733098
107,ES,DEPUTADO ESTADUAL,PARDA,0.3467600700525394,0.45499181669394434,0.3121228653143547
108,ES,DEPUTADO ESTADUAL,AMARELA,0.0,0.0,
109,ES,DEPUTADO ESTADUAL,INDÍGENA,0.005253940455341506,0.0016366612111292963,-0.6884888161483905
110,ES,DEPUTADO FEDERAL,BRANCA,0.6105263157894737,0.591715976331361,-0.030810038767598427
111,ES,DEPUTADO FEDERAL,PRETA,0.08947368421052632,0.1242603550295858,0.3887922032718412
112,ES,DEPUTADO FEDERAL,PARDA,0.3,0.27218934911242604,-0.09270216962524651
113,ES,DEPUTADO FEDERAL,AMARELA,0.0,0.0,
114,ES,DEPUTADO FEDERAL,INDÍGENA,0.0,0.011834319526627219,inf
115,ES,SENADOR,BRANCA,0.6666666666666666,0.5454545454545454,-0.18181818181818182
116,ES,SENADOR,PRETA,0.16666666666666666,0.2727272727272727,0.6363636363636364
117,ES,SENADOR,PARDA,0.16666666666666666,0.18181818181818182,0.090909090909091
118,ES,SENADOR,AMARELA,0.0,0.0,
119,ES,SENADOR,INDÍGENA,0.0,0.0,
120,GO,DEPUTADO ESTADUAL,BRANCA,0.5543735224586288,0.48936170212765956,-0.11727078891257993
121,GO,DEPUTADO ESTADUAL,PRETA,0.057919621749408984,0.09070548712206047,0.5660580021482278
122,GO,DEPUTADO ESTADUAL,PARDA,0.3817966903073286,0.4143337066069429,0.08522079191787525
123,GO,DEPUTADO ESTADUAL,AMARELA,0.0035460992907801418,0.005599104143337066,0.5789473684210527
124,GO,DEPUTADO ESTADUAL,INDÍGENA,0.002364066193853428,0.0,-1.0
125,GO,DEPUTADO FEDERAL,BRANCA,0.5738636363636364,0.6008771929824561,0.04707312836546811
126,GO,DEPUTADO FEDERAL,PRETA,0.056818181818181816,0.08771929824561403,0.5438596491228069
127,GO,DEPUTADO FEDERAL,PARDA,0.36363636363636365,0.31140350877192985,-0.14364035087719293
128,GO,DEPUTADO FEDERAL,AMARELA,0.0,0.0,
129,GO,DEPUTADO FEDERAL,INDÍGENA,0.005681818181818182,0.0,-1.0
130,GO,SENADOR,BRANCA,0.8571428571428571,0.75,-0.12499999999999994
131,GO,SENADOR,PRETA,0.0,0.0,
132,GO,SENADOR,PARDA,0.14285714285714285,0.25,0.7500000000000001
133,GO,SENADOR,AMARELA,0.0,0.0,
134,GO,SENADOR,INDÍGENA,0.0,0.0,
135,MA,DEPUTADO ESTADUAL,BRANCA,0.4071550255536627,0.3612167300380228,-0.11282752915347537
136,MA,DEPUTADO ESTADUAL,PRETA,0.151618398637138,0.12737642585551331,-0.1598880676720639
137,MA,DEPUTADO ESTADUAL,PARDA,0.43781942078364566,0.5076045627376425,0.15939252267313683
138,MA,DEPUTADO ESTADUAL,AMARELA,0.0034071550255536627,0.0,-1.0
139,MA,DEPUTADO ESTADUAL,INDÍGENA,0.0,0.0038022813688212928,inf
140,MA,DEPUTADO FEDERAL,BRANCA,0.4218181818181818,0.4077669902912621,-0.03331101439571479
141,MA,DEPUTADO FEDERAL,PRETA,0.2,0.12135922330097088,-0.3932038834951457
142,MA,DEPUTADO FEDERAL,PARDA,0.3781818181818182,0.46601941747572817,0.23226288274831972
143,MA,DEPUTADO FEDERAL,AMARELA,0.0,0.0,
144,MA,DEPUTADO FEDERAL,INDÍGENA,0.0,0.0048543689320388345,inf
145,MA,SENADOR,BRANCA,0.5,0.5454545454545454,0.09090909090909083
146,MA,SENADOR,PRETA,0.16666666666666666,0.2727272727272727,0.6363636363636364
147,MA,SENADOR,PARDA,0.3333333333333333,0.18181818181818182,-0.4545454545454545
148,MA,SENADOR,AMARELA,0.0,0.0,
149,MA,SENADOR,INDÍGENA,0.0,0.0,
150,MT,DEPUTADO ESTADUAL,BRANCA,0.4880952380952381,0.4479768786127168,-0.08219371211053143
151,MT,DEPUTADO ESTADUAL,PRETA,0.11607142857142858,0.10404624277456648,-0.10360160071142731
152,MT,DEPUTADO ESTADUAL,PARDA,0.3869047619047619,0.43352601156069365,0.12049799911071585
153,MT,DEPUTADO ESTADUAL,AMARELA,0.002976190476190476,0.011560693641618497,2.884393063583815
154,MT,DEPUTADO ESTADUAL,INDÍGENA,0.005952380952380952,0.002890173410404624,-0.5144508670520231
155,MT,DEPUTADO FEDERAL,BRANCA,0.5357142857142857,0.45390070921985815,-0.15271867612293144
156,MT,DEPUTADO FEDERAL,PRETA,0.10714285714285714,0.09929078014184398,-0.07328605200945618
157,MT,DEPUTADO FEDERAL,PARDA,0.3482142857142857,0.41843971631205673,0.20167303146026555
158,MT,DEPUTADO FEDERAL,AMARELA,0.0,0.014184397163120567,inf
159,MT,DEPUTADO FEDERAL,INDÍGENA,0.008928571428571428,0.014184397163120567,0.5886524822695036
160,MT,SENADOR,BRANCA,0.5714285714285714,0.5454545454545454,-0.04545454545454547
161,MT,SENADOR,PRETA,0.0,0.09090909090909091,inf
162,MT,SENADOR,PARDA,0.42857142857142855,0.36363636363636365,-0.15151515151515144
163,MT,SENADOR,AMARELA,0.0,0.0,
164,MT,SENADOR,INDÍGENA,0.0,0.0,
165,MS,DEPUTADO ESTADUAL,BRANCA,0.5806451612903226,0.6073446327683616,0.045982423101067114
166,MS,DEPUTADO ESTADUAL,PRETA,0.0576036866359447,0.06497175141242938,0.12790960451977396
167,MS,DEPUTADO ESTADUAL,PARDA,0.3548387096774194,0.307909604519774,-0.13225475089881875
168,MS,DEPUTADO ESTADUAL,AMARELA,0.002304147465437788,0.0,-1.0
169,MS,DEPUTADO ESTADUAL,INDÍGENA,0.004608294930875576,0.01977401129943503,3.2909604519774014
170,MS,DEPUTADO FEDERAL,BRANCA,0.6153846153846154,0.6456692913385826,0.049212598425196735
171,MS,DEPUTADO FEDERAL,PRETA,0.06153846153846154,0.05511811023622047,-0.10433070866141739
172,MS,DEPUTADO FEDERAL,PARDA,0.2846153846153846,0.29133858267716534,0.023622047244094467
173,MS,DEPUTADO FEDERAL,AMARELA,0.0,0.0,
174,MS,DEPUTADO FEDERAL,INDÍGENA,0.038461538461538464,0.007874015748031496,-0.7952755905511811
175,MS,SENADOR,BRANCA,0.8333333333333334,0.9285714285714286,0.11428571428571427
176,MS,SENADOR,PRETA,0.0,0.0,
177,MS,SENADOR,PARDA,0.16666666666666666,0.0,-1.0
178,MS,SENADOR,AMARELA,0.0,0.0,
179,MS,SENADOR,INDÍGENA,0.0,0.07142857142857142,inf
180,MG,DEPUTADO ESTADUAL,BRANCA,0.5788156797331109,0.5,-0.13616714697406332
181,MG,DEPUTADO ESTADUAL,PRETA,0.08924103419516263,0.12191582002902758,0.36614082443742124
182,MG,DEPUTADO ESTADUAL,PARDA,0.32276897414512096,0.3439767779390421,0.06570583139253597
183,MG,DEPUTADO ESTADUAL,AMARELA,0.009174311926605505,0.033381712626995644,2.638606676342525
184,MG,DEPUTADO ESTADUAL,INDÍGENA,0.0,0.000725689404934688,inf
185,MG,DEPUTADO FEDERAL,BRANCA,0.5747126436781609,0.545751633986928,-0.050392156862745126
186,MG,DEPUTADO FEDERAL,PRETA,0.11494252873563218,0.1111111111111111,-0.033333333333333375
187,MG,DEPUTADO FEDERAL,PARDA,0.3017241379310345,0.3213507625272331,0.06504824151882974
188,MG,DEPUTADO FEDERAL,AMARELA,0.008620689655172414,0.020697167755991286,1.4008714596949892
189,MG,DEPUTADO FEDERAL,INDÍGENA,0.0,0.0010893246187363835,inf
190,MG,SENADOR,BRANCA,0.75,0.6666666666666666,-0.11111111111111116
191,MG,SENADOR,PRETA,0.25,0.13333333333333333,-0.4666666666666667
192,MG,SENADOR,PARDA,0.0,0.2,inf
193,MG,SENADOR,AMARELA,0.0,0.0,
194,MG,SENADOR,INDÍGENA,0.0,0.0,
195,PA,DEPUTADO ESTADUAL,BRANCA,0.2846153846153846,0.26207906295754024,-0.07918167068972343
196,PA,DEPUTADO ESTADUAL,PRETA,0.08205128205128205,0.08052708638360176,-0.018576134699853558
197,PA,DEPUTADO ESTADUAL,PARDA,0.6128205128205129,0.6486090775988287,0.058399750056665985
198,PA,DEPUTADO ESTADUAL,AMARELA,0.01282051282051282,0.0029282576866764276,-0.7715959004392386
199,PA,DEPUTADO ESTADUAL,INDÍGENA,0.007692307692307693,0.005856515373352855,-0.23865300146412888
200,PA,DEPUTADO FEDERAL,BRANCA,0.3209302325581395,0.3475177304964539,0.08284510227155932
201,PA,DEPUTADO FEDERAL,PRETA,0.10232558139534884,0.10638297872340426,0.039651837524177974
202,PA,DEPUTADO FEDERAL,PARDA,0.5767441860465117,0.5390070921985816,-0.06543125142987882
203,PA,DEPUTADO FEDERAL,AMARELA,0.0,0.0,
204,PA,DEPUTADO FEDERAL,INDÍGENA,0.0,0.0070921985815602835,inf
205,PA,SENADOR,BRANCA,0.7272727272727273,0.5,-0.3125
206,PA,SENADOR,PRETA,0.0,0.05555555555555555,inf
207,PA,SENADOR,PARDA,0.2727272727272727,0.4444444444444444,0.6296296296296297
208,PA,SENADOR,AMARELA,0.0,0.0,
209,PA,SENADOR,INDÍGENA,0.0,0.0,
210,PB,DEPUTADO ESTADUAL,BRANCA,0.5422535211267606,0.501187648456057,-0.07573186908103781
211,PB,DEPUTADO ESTADUAL,PRETA,0.03755868544600939,0.0855106888361045,1.2767220902612824
212,PB,DEPUTADO ESTADUAL,PARDA,0.42018779342723006,0.4085510688836104,-0.027694104221128297
213,PB,DEPUTADO ESTADUAL,AMARELA,0.0,0.0023752969121140144,inf
214,PB,DEPUTADO ESTADUAL,INDÍGENA,0.0,0.0023752969121140144,inf
215,PB,DEPUTADO FEDERAL,BRANCA,0.5042735042735043,0.6477987421383647,0.2846178445794691
216,PB,DEPUTADO FEDERAL,PRETA,0.08547008547008547,0.07547169811320754,-0.11698113207547176
217,PB,DEPUTADO FEDERAL,PARDA,0.41025641025641024,0.27044025157232704,-0.3408018867924528
218,PB,DEPUTADO FEDERAL,AMARELA,0.0,0.006289308176100629,inf
219,PB,DEPUTADO FEDERAL,INDÍGENA,0.0,0.0,
220,PB,SENADOR,BRANCA,0.5,0.8571428571428571,0.7142857142857142
221,PB,SENADOR,PRETA,0.0,0.0,
222,PB,SENADOR,PARDA,0.5,0.14285714285714285,-0.7142857142857143
223,PB,SENADOR,AMARELA,0.0,0.0,
224,PB,SENADOR,INDÍGENA,0.0,0.0,
225,PR,DEPUTADO ESTADUAL,BRANCA,0.8156028368794326,0.8610747051114024,0.05575246452789341
226,PR,DEPUTADO ESTADUAL,PRETA,0.0591016548463357,0.04980340760157274,-0.15732634338138932
227,PR,DEPUTADO ESTADUAL,PARDA,0.12529550827423167,0.08650065530799476,-0.3096268453720417
228,PR,DEPUTADO ESTADUAL,AMARELA,0.0,0.001310615989515072,inf
229,PR,DEPUTADO ESTADUAL,INDÍGENA,0.0,0.001310615989515072,inf
230,PR,DEPUTADO FEDERAL,BRANCA,0.8430232558139535,0.8344519015659956,-0.010167399521715652
231,PR,DEPUTADO FEDERAL,PRETA,0.06686046511627906,0.058165548098434,-0.13004571539733487
232,PR,DEPUTADO FEDERAL,PARDA,0.08430232558139535,0.09619686800894854,0.14109388258890687
233,PR,DEPUTADO FEDERAL,AMARELA,0.0,0.011185682326621925,inf
234,PR,DEPUTADO FEDERAL,INDÍGENA,0.005813953488372093,0.0,-1.0
235,PR,SENADOR,BRANCA,0.875,0.875,0.0
236,PR,SENADOR,PRETA,0.125,0.0,-1.0
237,PR,SENADOR,PARDA,0.0,0.125,inf
238,PR,SENADOR,AMARELA,0.0,0.0,
239,PR,SENADOR,INDÍGENA,0.0,0.0,
240,PE,DEPUTADO ESTADUAL,BRANCA,0.40653357531760437,0.4698085419734904,0.15564511887229115
241,PE,DEPUTADO ESTADUAL,PRETA,0.06170598911070781,0.12371134020618557,1.004851425106125
242,PE,DEPUTADO ESTADUAL,PARDA,0.5117967332123412,0.4005891016200295,-0.2172886702388786
243,PE,DEPUTADO ESTADUAL,AMARELA,0.016333938294010888,0.0029455081001472753,-0.8196694485354279
244,PE,DEPUTADO ESTADUAL,INDÍGENA,0.003629764065335753,0.0029455081001472753,-0.18851251840942562
245,PE,DEPUTADO FEDERAL,BRANCA,0.4114285714285714,0.5308988764044944,0.29037921348314616
246,PE,DEPUTADO FEDERAL,PRETA,0.06285714285714286,0.13202247191011235,1.100357507660878
247,PE,DEPUTADO FEDERAL,PARDA,0.5142857142857142,0.3342696629213483,-0.35003121098626716
248,PE,DEPUTADO FEDERAL,AMARELA,0.005714285714285714,0.0,-1.0
249,PE,DEPUTADO FEDERAL,INDÍGENA,0.005714285714285714,0.0028089887640449437,-0.5084269662921348
250,PE,SENADOR,BRANCA,0.6,0.5,-0.16666666666666663
251,PE,SENADOR,PRETA,0.0,0.25,inf
252,PE,SENADOR,PARDA,0.4,0.25,-0.37500000000000006
253,PE,SENADOR,AMARELA,0.0,0.0,
254,PE,SENADOR,INDÍGENA,0.0,0.0,
255,PI,DEPUTADO ESTADUAL,BRANCA,0.3643410852713178,0.3627906976744186,-0.004255319148936056
256,PI,DEPUTADO ESTADUAL,PRETA,0.08914728682170543,0.11627906976744186,0.30434782608695643
257,PI,DEPUTADO ESTADUAL,PARDA,0.5271317829457365,0.5209302325581395,-0.011764705882353045
258,PI,DEPUTADO ESTADUAL,AMARELA,0.011627906976744186,0.0,-1.0
259,PI,DEPUTADO ESTADUAL,INDÍGENA,0.007751937984496124,0.0,-1.0
260,PI,DEPUTADO FEDERAL,BRANCA,0.3333333333333333,0.4326241134751773,0.297872340425532
261,PI,DEPUTADO FEDERAL,PRETA,0.08108108108108109,0.06382978723404255,-0.21276595744680862
262,PI,DEPUTADO FEDERAL,PARDA,0.5675675675675675,0.49645390070921985,-0.12529550827423164
263,PI,DEPUTADO FEDERAL,AMARELA,0.009009009009009009,0.0070921985815602835,-0.2127659574468085
264,PI,DEPUTADO FEDERAL,INDÍGENA,0.009009009009009009,0.0,-1.0
265,PI,SENADOR,BRANCA,0.6666666666666666,0.5,-0.24999999999999994
266,PI,SENADOR,PRETA,0.16666666666666666,0.1111111111111111,-0.3333333333333333
267,PI,SENADOR,PARDA,0.0,0.3888888888888889,inf
268,PI,SENADOR,AMARELA,0.0,0.0,
269,PI,SENADOR,INDÍGENA,0.16666666666666666,0.0,-1.0
270,RJ,DEPUTADO ESTADUAL,BRANCA,0.5625920471281296,0.5046881369751325,-0.10292344239236922
271,RJ,DEPUTADO ESTADUAL,PRETA,0.13058419243986255,0.16347329800244598,0.25186130838715204
272,RJ,DEPUTADO ESTADUAL,PARDA,0.30584192439862545,0.3293925805136568,0.07700270707274286
273,RJ,DEPUTADO ESTADUAL,AMARELA,0.0,0.00040766408479412964,inf
274,RJ,DEPUTADO ESTADUAL,INDÍGENA,0.0009818360333824251,0.0020383204239706482,1.0760293518141053
275,RJ,DEPUTADO FEDERAL,BRANCA,0.5383903792784459,0.5373537353735374,-0.001925450276986482
276,RJ,DEPUTADO FEDERAL,PRETA,0.10545790934320073,0.15031503150315031,0.4253556934640833
277,RJ,DEPUTADO FEDERAL,PARDA,0.35430157261794637,0.3096309630963096,-0.12608075428952828
278,RJ,DEPUTADO FEDERAL,AMARELA,0.0009250693802035153,0.0018001800180018,0.9459945994599458
279,RJ,DEPUTADO FEDERAL,INDÍGENA,0.0009250693802035153,0.0009000900090009,-0.02700270027002709
280,RJ,SENADOR,BRANCA,0.5,0.7058823529411765,0.41176470588235303
281,RJ,SENADOR,PRETA,0.125,0.11764705882352941,-0.05882352941176472
282,RJ,SENADOR,PARDA,0.375,0.17647058823529413,-0.5294117647058824
283,RJ,SENADOR,AMARELA,0.0,0.0,
284,RJ,SENADOR,INDÍGENA,0.0,0.0,
285,RN,DEPUTADO ESTADUAL,BRANCA,0.6751824817518248,0.5443425076452599,-0.1937846102983718
286,RN,DEPUTADO ESTADUAL,PRETA,0.06569343065693431,0.08256880733944955,0.25688073394495414
287,RN,DEPUTADO ESTADUAL,PARDA,0.24817518248175183,0.37003058103975534,0.49100557654254356
288,RN,DEPUTADO ESTADUAL,AMARELA,0.0072992700729927005,0.0,-1.0
289,RN,DEPUTADO ESTADUAL,INDÍGENA,0.0036496350364963502,0.0030581039755351682,-0.16207951070336388
290,RN,DEPUTADO FEDERAL,BRANCA,0.61,0.6,-0.016393442622950834
291,RN,DEPUTADO FEDERAL,PRETA,0.12,0.1,-0.1666666666666666
292,RN,DEPUTADO FEDERAL,PARDA,0.27,0.3,0.111111111111111
293,RN,DEPUTADO FEDERAL,AMARELA,0.0,0.0,
294,RN,DEPUTADO FEDERAL,INDÍGENA,0.0,0.0,
295,RN,SENADOR,BRANCA,0.6,0.6666666666666666,0.11111111111111109
296,RN,SENADOR,PRETA,0.2,0.2,0.0
297,RN,SENADOR,PARDA,0.2,0.13333333333333333,-0.33333333333333337
298,RN,SENADOR,AMARELA,0.0,0.0,
299,RN,SENADOR,INDÍGENA,0.0,0.0,
300,RS,DEPUTADO ESTADUAL,BRANCA,0.9140083217753121,0.872791519434629,-0.04509455916180963
301,RS,DEPUTADO ESTADUAL,PRETA,0.05131761442441054,0.08244994110718493,0.6066596631967658
302,RS,DEPUTADO ESTADUAL,PARDA,0.033287101248266296,0.04240282685512368,0.2738515901060072
303,RS,DEPUTADO ESTADUAL,AMARELA,0.0,0.0,
304,RS,DEPUTADO ESTADUAL,INDÍGENA,0.0013869625520110957,0.002355712603062426,0.6984687868080093
305,RS,DEPUTADO FEDERAL,BRANCA,0.9113149847094801,0.8669833729216152,-0.04864576192829474
306,RS,DEPUTADO FEDERAL,PRETA,0.05198776758409786,0.09501187648456057,0.8275813888500768
307,RS,DEPUTADO FEDERAL,PARDA,0.03363914373088685,0.028503562945368172,-0.15266681062405518
308,RS,DEPUTADO FEDERAL,AMARELA,0.0,0.007125890736342043,inf
309,RS,DEPUTADO FEDERAL,INDÍGENA,0.0030581039755351682,0.0023752969121140144,-0.2232779097387173
310,RS,SENADOR,BRANCA,1.0,0.8,-0.19999999999999996
311,RS,SENADOR,PRETA,0.0,0.13333333333333333,inf
312,RS,SENADOR,PARDA,0.0,0.06666666666666667,inf
313,RS,SENADOR,AMARELA,0.0,0.0,
314,RS,SENADOR,INDÍGENA,0.0,0.0,
315,RO,DEPUTADO ESTADUAL,BRANCA,0.38392857142857145,0.3231441048034934,-0.1583223316746218
316,RO,DEPUTADO ESTADUAL,PRETA,0.09598214285714286,0.0982532751091703,0.023662029044378863
317,RO,DEPUTADO ESTADUAL,PARDA,0.5044642857142857,0.574235807860262,0.13830815009467862
318,RO,DEPUTADO ESTADUAL,AMARELA,0.011160714285714286,0.002183406113537118,-0.8043668122270743
319,RO,DEPUTADO ESTADUAL,INDÍGENA,0.004464285714285714,0.002183406113537118,-0.5109170305676856
320,RO,DEPUTADO FEDERAL,BRANCA,0.4421052631578947,0.4358974358974359,-0.014041514041513999
321,RO,DEPUTADO FEDERAL,PRETA,0.11578947368421053,0.09401709401709402,-0.18803418803418803
322,RO,DEPUTADO FEDERAL,PARDA,0.4421052631578947,0.46153846153846156,0.04395604395604404
323,RO,DEPUTADO FEDERAL,AMARELA,0.0,0.008547008547008548,inf
324,RO,DEPUTADO FEDERAL,INDÍGENA,0.0,0.0,
325,RO,SENADOR,BRANCA,1.0,0.5625,-0.4375
326,RO,SENADOR,PRETA,0.0,0.0625,inf
327,RO,SENADOR,PARDA,0.0,0.375,inf
328,RO,SENADOR,AMARELA,0.0,0.0,
329,RO,SENADOR,INDÍGENA,0.0,0.0,
330,RR,DEPUTADO ESTADUAL,BRANCA,0.3735224586288416,0.25933609958506226,-0.30570145490834594
331,RR,DEPUTADO ESTADUAL,PRETA,0.04491725768321513,0.04564315352697095,0.01616073378466903
332,RR,DEPUTADO ESTADUAL,PARDA,0.5650118203309693,0.6639004149377593,0.1750203996597162
333,RR,DEPUTADO ESTADUAL,AMARELA,0.002364066193853428,0.002074688796680498,-0.12240663900414936
334,RR,DEPUTADO ESTADUAL,INDÍGENA,0.014184397163120567,0.029045643153526972,1.0477178423236515
335,RR,DEPUTADO FEDERAL,BRANCA,0.35294117647058826,0.2922077922077922,-0.17207792207792216
336,RR,DEPUTADO FEDERAL,PRETA,0.07058823529411765,0.03896103896103896,-0.44805194805194803
337,RR,DEPUTADO FEDERAL,PARDA,0.5647058823529412,0.6558441558441559,0.16139069264069275
338,RR,DEPUTADO FEDERAL,AMARELA,0.0,0.0,
339,RR,DEPUTADO FEDERAL,INDÍGENA,0.011764705882352941,0.012987012987012988,0.10389610389610399
340,RR,SENADOR,BRANCA,0.6666666666666666,0.45454545454545453,-0.3181818181818182
341,RR,SENADOR,PRETA,0.0,0.09090909090909091,inf
342,RR,SENADOR,PARDA,0.3333333333333333,0.36363636363636365,0.090909090909091
343,RR,SENADOR,AMARELA,0.0,0.0,
344,RR,SENADOR,INDÍGENA,0.0,0.09090909090909091,inf
345,SC,DEPUTADO ESTADUAL,BRANCA,0.9164969450101833,0.875,-0.045277777777777785
346,SC,DEPUTADO ESTADUAL,PRETA,0.05091649694501019,0.04741379310344827,-0.06879310344827597
347,SC,DEPUTADO ESTADUAL,PARDA,0.032586558044806514,0.07543103448275862,1.3147898706896552
348,SC,DEPUTADO ESTADUAL,AMARELA,0.0,0.0021551724137931034,inf
349,SC,DEPUTADO ESTADUAL,INDÍGENA,0.0,0.0,
350,SC,DEPUTADO FEDERAL,BRANCA,0.8896551724137931,0.8790322580645161,-0.011940485121280325
351,SC,DEPUTADO FEDERAL,PRETA,0.07586206896551724,0.04032258064516129,-0.468475073313783
352,SC,DEPUTADO FEDERAL,PARDA,0.034482758620689655,0.06854838709677419,0.9879032258064515
353,SC,DEPUTADO FEDERAL,AMARELA,0.0,0.0,
354,SC,DEPUTADO FEDERAL,INDÍGENA,0.0,0.012096774193548387,inf
355,SC,SENADOR,BRANCA,1.0,0.8571428571428571,-0.1428571428571429
356,SC,SENADOR,PRETA,0.0,0.07142857142857142,inf
357,SC,SENADOR,PARDA,0.0,0.07142857142857142,inf
358,SC,SENADOR,AMARELA,0.0,0.0,
359,SC,SENADOR,INDÍGENA,0.0,0.0,
360,SP,DEPUTADO ESTADUAL,BRANCA,0.7395392571697226,0.7198892478080295,-0.026570610243052184
361,SP,DEPUTADO ESTADUAL,PRETA,0.08744710860366714,0.11490539916935856,0.31399883888830993
362,SP,DEPUTADO ESTADUAL,PARDA,0.16314057357780912,0.15413013382556529,-0.05523113934588654
363,SP,DEPUTADO ESTADUAL,AMARELA,0.00846262341325811,0.009690816797415782,0.14513151822796486
364,SP,DEPUTADO ESTADUAL,INDÍGENA,0.0014104372355430183,0.0013844023996308261,-0.018458698661744266
365,SP,DEPUTADO FEDERAL,BRANCA,0.7216981132075472,0.7140309155766944,-0.010623829396998614
366,SP,DEPUTADO FEDERAL,PRETA,0.09568733153638814,0.09750297265160524,0.01897472827452229
367,SP,DEPUTADO FEDERAL,PARDA,0.16576819407008087,0.17419738406658739,0.05084925997892551
368,SP,DEPUTADO FEDERAL,AMARELA,0.014824797843665768,0.01070154577883472,-0.2781320938276943
369,SP,DEPUTADO FEDERAL,INDÍGENA,0.0020215633423180594,0.0035671819262782403,0.7645659928656361
370,SP,SENADOR,BRANCA,0.7272727272727273,0.8,0.10000000000000003
371,SP,SENADOR,PRETA,0.0,0.1,inf
372,SP,SENADOR,PARDA,0.18181818181818182,0.1,-0.45
373,SP,SENADOR,AMARELA,0.0,0.0,
374,SP,SENADOR,INDÍGENA,0.09090909090909091,0.0,-1.0
375,SE,DEPUTADO ESTADUAL,BRANCA,0.3924731182795699,0.3333333333333333,-0.15068493150684933
376,SE,DEPUTADO ESTADUAL,PRETA,0.05913978494623656,0.12012012012012012,1.031122031122031
377,SE,DEPUTADO ESTADUAL,PARDA,0.543010752688172,0.5465465465465466,0.0065114619570065925
378,SE,DEPUTADO ESTADUAL,AMARELA,0.005376344086021506,0.0,-1.0
379,SE,DEPUTADO ESTADUAL,INDÍGENA,0.0,0.0,
380,SE,DEPUTADO FEDERAL,BRANCA,0.449438202247191,0.3089430894308943,-0.3126016260162601
381,SE,DEPUTADO FEDERAL,PRETA,0.10112359550561797,0.10569105691056911,0.045167118337850136
382,SE,DEPUTADO FEDERAL,PARDA,0.43820224719101125,0.5528455284552846,0.26162184698770063
383,SE,DEPUTADO FEDERAL,AMARELA,0.011235955056179775,0.016260162601626018,0.44715447154471566
384,SE,DEPUTADO FEDERAL,INDÍGENA,0.0,0.016260162601626018,inf
385,SE,SENADOR,BRANCA,0.4,0.42857142857142855,0.07142857142857131
386,SE,SENADOR,PRETA,0.2,0.14285714285714285,-0.2857142857142858
387,SE,SENADOR,PARDA,0.4,0.42857142857142855,0.07142857142857131
388,SE,SENADOR,AMARELA,0.0,0.0,
389,SE,SENADOR,INDÍGENA,0.0,0.0,
390,TO,DEPUTADO ESTADUAL,BRANCA,0.3723404255319149,0.42424242424242425,0.1393939393939395
391,TO,DEPUTADO ESTADUAL,PRETA,0.11347517730496454,0.10822510822510822,-0.046266233766233754
392,TO,DEPUTADO ESTADUAL,PARDA,0.5070921985815603,0.4588744588744589,-0.09508673145036782
393,TO,DEPUTADO ESTADUAL,AMARELA,0.0035460992907801418,0.0,-1.0
394,TO,DEPUTADO ESTADUAL,INDÍGENA,0.0035460992907801418,0.008658008658008658,1.4415584415584417
395,TO,DEPUTADO FEDERAL,BRANCA,0.5714285714285714,0.5232558139534884,-0.08430232558139522
396,TO,DEPUTADO FEDERAL,PRETA,0.10714285714285714,0.10465116279069768,-0.023255813953488268
397,TO,DEPUTADO FEDERAL,PARDA,0.32142857142857145,0.37209302325581395,0.15762273901808777
398,TO,DEPUTADO FEDERAL,AMARELA,0.0,0.0,
399,TO,DEPUTADO FEDERAL,INDÍGENA,0.0,0.0,
400,TO,SENADOR,BRANCA,0.5,0.8,0.6000000000000001
401,TO,SENADOR,PRETA,0.16666666666666666,0.0,-1.0
402,TO,SENADOR,PARDA,0.3333333333333333,0.2,-0.3999999999999999
403,TO,SENADOR,AMARELA,0.0,0.0,
404,TO,SENADOR,INDÍGENA,0.0,0.0,
